[
    {
        "id": 1,
        "title": "Bad",
        "content": "A man, a guy using a woman..",
        "author": "Steve lung",
        "published": false,
        "category":"HeartBreaks",
        "articleDate":null
    },
    {
        "id":2,
        "title": "The reign of greed",
        "content": "Filipino-American war, filipino heroes...",
        "author": "Dr. Jose Rizal",
        "published": true,
        "category": "History",
        "articleDate":"1891-09-18"
    },
    {
        "id":3,
        "title": "Arcane",
        "content": "Legend of the runic arcane, war between piltover and zaun...",
        "author": "Riot Games",
        "published": true,
        "category": "League of Legends",
        "articleDate": "2024-02-05"
    },
    {
        "id":4,
        "title": "Oppenheimer",
        "content": "Discovery of molecule atoms, the creation of Fat Man and Little Boy...",
        "author": "christopher Nolan",
        "published": true,
        "category": "Science",
        "articleDate": "2023-07-21"
    }
]